OBJECTID,PUD_NAME,PUD_WEB_URL,PUD_CHANGE_NARRATIVE,PUD_ZONING,PUD_STATUS,PUD_CASE_NUMBER,SHAPEAREA,SHAPELEN,GLOBALID,WARD
2732,Forest City Washington,http://www.dcregs.org/Gateway/ChapterHome.aspx?ChapterNumber=11-24,Case No. 13-05,"CG/CR, CG/W-1",Final,13-05,0,0,{09E65FAF-3AF2-4B41-8D26-8DC081DA661D},Ward 6
2733,City Market at O Condo LLC,http://www.dcregs.org/Gateway/ChapterHome.aspx?ChapterNumber=11-24,"Official Digital Zoning Map of July 1, 2010. ZC Case # 07-26E, 8/30/2013.",C-3-C,Pending,07-26F,0,0,{802FB3B4-8976-4DD2-958A-AE3FEEBAB882},Ward 6
2734,1437-1451 Belmont Street N.W.,http://www.dcregs.org/Gateway/ChapterHome.aspx?ChapterNumber=11-24,"Official Digital Zoning Map of July 1, 2010",R-5-B,Final,03-04,0,0,{6BAD4731-B429-4EE6-9896-F1F7E4C4754A},Ward 1
2735,2126 Wyoming Avenue NW,http://www.dcregs.org/Gateway/ChapterHome.aspx?ChapterNumber=11-24,"Official Digital Zoning Map of July 1, 2010",R-5-D,Final,03-24,0,0,{C2608E50-70EF-4FDB-915F-5B8F271B767B},Ward 2
2736,Abdo Development LLC,http://www.dcregs.org/Gateway/ChapterHome.aspx?ChapterNumber=11-24,"Official Digital Zoning Map of July 1, 2010",C-3-C,Final,04-22A,0,0,{940B8171-1393-4391-B6C0-76D8EEEB3C9F},Ward 6
2737,2300 Pennsylvania Avenue LLC,http://www.dcregs.org/Gateway/ChapterHome.aspx?ChapterNumber=11-24,"Official Digital Zoning Map of July 1, 2010",C-2-A,Final,07-16,0,0,{2F4553A1-DDF8-4BAB-8DD6-8F65DF32CBE1},Ward 7
2738,1200-1224 R Street N.W.,http://www.dcregs.org/Gateway/ChapterHome.aspx?ChapterNumber=11-24,"Official Digital Zoning Map of July 1, 2010",R-5-B,Final,04-13,0,0,{8E5EB309-E8E2-4E61-90B1-5BFC974DF3EE},Ward 2
2739,Petworth Holdings LLC,http://www.dcregs.org/Gateway/ChapterHome.aspx?ChapterNumber=11-24,"Official Digital Zoning Map of July 1, 2010",C-3-A,Final,06-02,0,0,{12300C81-6F58-4C23-AD10-ADC8B2D81A59},Ward 4
2740,1000 Connecticut Avenue N.W.,http://www.dcregs.org/Gateway/ChapterHome.aspx?ChapterNumber=11-24,"Official Digital Zoning Map of July 1, 2010",C-4,Final,06-13,0,0,{66D17001-60EA-46BE-AD88-A40F43E85B2D},Ward 2
2741,MRP Realty LLC,http://www.dcregs.org/Gateway/ChapterHome.aspx?ChapterNumber=11-24,"Official Digital Zoning Map of July 1, 2010",C-3-C,Final,06-14,0,0,{4107FECA-F389-4678-A36A-B36D57E5C4D9},Ward 5
2742,WB/NV Center City Holdings LLC,http://www.dcregs.org/Gateway/ChapterHome.aspx?ChapterNumber=11-24,"Official Digital Zoning Map of July 1, 2010",CR,Final,06-29,0,0,{6B861899-99F7-4D53-A179-16FD80474189},Ward 2
2743,5000 Overlook Avenue S.W,http://www.dcregs.org/Gateway/ChapterHome.aspx?ChapterNumber=11-24,"Official Digital Zoning Map of July 1, 2010",C-M-3,Final,04-19A,0,0,{19D3E326-91C7-48BB-A944-2E24E1765A58},Ward 8
2744,Comstock East Capitol LLC,http://www.dcregs.org/Gateway/ChapterHome.aspx?ChapterNumber=11-24,"Official Digital Zoning Map of July 1, 2010",R-5-B,Final,06-34,0,0,{1AD3F1BF-2B90-4035-BFD3-D56231357906},Ward 6
2745,Camden Development Inc.,http://www.dcregs.org/Gateway/ChapterHome.aspx?ChapterNumber=11-24,"Official Digital Zoning Map of July 1, 2010",CG/C-3-C,Final,06-41,0,0,{9B9A56C8-CE23-48F1-875D-99006027EF4A},Ward 6
2746,Florida & Q Sreet LLC,http://www.dcregs.org/Gateway/ChapterHome.aspx?ChapterNumber=11-24,Case # 06-04D,C-2-B,Final,06-04D,0,0,{019F3FA4-13F7-4DA5-BEC5-8C95EC86C1B5},Ward 5
2747,Hoffman-Struever Waterfront LLC,http://www.dcregs.org/Gateway/ChapterHome.aspx?ChapterNumber=11-24,Case # 11-03,"W-1, C-3-C, R-5-B",Final,11-03,0,0,{97651C0C-2139-4307-B1BD-EC16E4DE3129},Ward 6
2748,200 K Street LP,http://www.dcregs.org/Gateway/ChapterHome.aspx?ChapterNumber=11-24,"93-3 extinguished, 05-36 is latest iteration (Exhibit 16)",C-3-C,Final,05-36J,0,0,{2A2ECF9A-FE87-4EE8-8610-D5EC69F779BB},Ward 6
2669,Covenant Baptist Church,http://www.dcregs.org/Gateway/ChapterHome.aspx?ChapterNumber=11-24,"Case # 12-21, Approved DC Register 4/18/14",R-5-A,Final,12-21,0,0,{FC229BFB-3D0B-4F9C-BC9B-5A62D73001C7},Ward 8
2670,13th and U Lessee LLC,http://www.dcregs.org/Gateway/ChapterHome.aspx?ChapterNumber=11-24,Case #12-20,ARTS/CR,Final,12-20,0,0,{05A5B436-EDA4-4E29-B698-9A44492AF35C},Ward 1
2671,1957 E Street N.W.,http://www.dcregs.org/Gateway/ChapterHome.aspx?ChapterNumber=11-24,"Official Digital Zoning Map of July 1, 2010",C-3-C,Final,01-17,0,0,{A28E7939-B39B-4CD8-AD26-1CC9FD5BCD0D},Ward 2
2672,4717-4727 Wisconsin Avenue N.W.,http://www.dcregs.org/Gateway/ChapterHome.aspx?ChapterNumber=11-24,"Official Digital Zoning Map of July 1, 2010",C-2-B,Final,98-21,0,0,{A13B7B2A-2A12-428F-BE3A-EC2ED23010DB},Ward 3
2673,901 New York Avenue N.W.,http://www.dcregs.org/Gateway/ChapterHome.aspx?ChapterNumber=11-24,"Official Digital Zoning Map of July 1, 2010",C-4,Final,01-01,0,0,{A81B500C-E061-4077-8055-C4E1D7BABB0A},Ward 2
2674,26th & L Limited Partnership,http://www.dcregs.org/Gateway/ChapterHome.aspx?ChapterNumber=11-24,"Official Digital Zoning Map of July 1, 2010",C-2-C,Final,86-32,0,0,{78DB43E7-1089-4C84-B953-8E32EB2FA74F},Ward 2
2675,15th & M Sts. NW,http://www.dcregs.org/Gateway/ChapterHome.aspx?ChapterNumber=11-24,"Official Digital Zoning Map of July 1, 2010",C-4,Final,88-13,0,0,{8A163F8D-5FE3-4633-B90F-958A96731E31},Ward 2
2676,12th & I & K Sts. N.W.,http://www.dcregs.org/Gateway/ChapterHome.aspx?ChapterNumber=11-24,"Official Digital Zoning Map of July 1, 2010",C-4,Final,91-12,0,0,{AEE93466-CAD9-4C13-9365-D7704ED0E84B},Ward 2
2677,4805 Van Ness Street N.W. - Dixon,http://www.dcregs.org/Gateway/ChapterHome.aspx?ChapterNumber=11-24,"Official Digital Zoning Map of July 1, 2010",R-4,Final,94-16,0,0,{8619EBC0-D2B6-4A42-A228-7C3612F93605},Ward 3
2678,1331 L Street N.W.,http://www.dcregs.org/Gateway/ChapterHome.aspx?ChapterNumber=11-24,"Official Digital Zoning Map of July 1, 2010",C-4,Final,94-1,0,0,{EF3897EE-0C25-4045-922B-B7D6230BFD98},Ward 2
2679,1301 L Street N.W.,http://www.dcregs.org/Gateway/ChapterHome.aspx?ChapterNumber=11-24,"Official Digital Zoning Map of July 1, 2010",C-4,Final,96-6,0,0,{8BE39155-7C48-4184-9DD5-A35E4564F301},Ward 2
2680,3910 Georgia Ave. Associates et al.,http://www.dcregs.org/Gateway/ChapterHome.aspx?ChapterNumber=11-24,"Official Digital Zoning Map of July 1, 2010",C-3-A,Final,08-08,0,0,{B893B7CF-7AB0-4A5F-9F87-65758CE4D341},Ward 4
2681,14th & V Streets N.W.,http://www.dcregs.org/Gateway/ChapterHome.aspx?ChapterNumber=11-24,"Official Digital Zoning Map of July 1, 2010","Arts/C-3-A, Arts/R-5-B",Final,03-26,0,0,{D8198460-CEDF-4523-B2B9-069CF9226D84},Ward 1
2682,St. Lukes Condominiums LLC,http://www.dcregs.org/Gateway/ChapterHome.aspx?ChapterNumber=11-24,"Official Digital Zoning Map of July 1, 2010",NO/R-1-B,Final,02-50,0,0,{34EEA87B-CF91-4748-B501-0A64DD33B770},Ward 3
2684,Hillandale Mansion,http://www.dcregs.org/Gateway/ChapterHome.aspx?ChapterNumber=11-24,"Official Digital Zoning Map of July 1, 2010",R-4,Final,89-10,0,0,{68938784-64B6-4CA3-A70F-533737AB9D6C},Ward 3
2685,World Wildlife Fund Inc.,http://www.dcregs.org/Gateway/ChapterHome.aspx?ChapterNumber=11-24,"Official Digital Zoning Map of July 1, 2010",CR,Final,84-19A,0,0,{3404EDB0-2018-4179-BE7C-814BE78CCC4E},Ward 2
2686,Chesapeake Apartments,http://www.dcregs.org/Gateway/ChapterHome.aspx?ChapterNumber=11-24,"Official Digital Zoning Map of July 1, 2010","R-5-C, C-3-B",Final,86-33,0,0,{2C42BBFF-CBBD-49C7-ABFC-6558F1E43784},Ward 3
2687,Connecticut & Massachusetts Ave NW,http://www.dcregs.org/Gateway/ChapterHome.aspx?ChapterNumber=11-24,"Official Digital Zoning Map of July 1, 2010","C-3-B, SP",Final,70-20,0,0,{EA84E65A-AD3B-4549-B2B5-A97FA33854E1},Ward 2
2688,Judiciary Center LP,http://www.dcregs.org/Gateway/ChapterHome.aspx?ChapterNumber=11-24,"Official Digital Zoning Map of July 1, 2010",C-3-C,Final,81-21,0,0,{93EA6B1F-1ACB-4BE6-9774-08F82F3FF593},Ward 2
2689,Broadcast Center Partners LLC,http://www.dcregs.org/Gateway/ChapterHome.aspx?ChapterNumber=11-24,"Official Digital Zoning Map of July 1, 2010",ARTS/C-2-C,Final,07-07A,0,0,{C069B989-2B09-4A1A-B578-0879E7118A21},Ward 1
2683,5333 Wisconsin Avenue NW,http://www.dcregs.org/Gateway/ChapterHome.aspx?ChapterNumber=11-24,"Official Digital Zoning Map of July 1, 2010","R-5-C, C-3-B",Final,96-13,0,0,{71BA5201-EB99-43C1-BE34-3F4876EA6B05},Ward 3
2690,Fort Lincoln/Gateway Village LLC,http://www.dcregs.org/Gateway/ChapterHome.aspx?ChapterNumber=11-24,"Official Digital Zoning Map of July 1, 2010",R-5-D,Final,06-08,0,0,{E045AB9E-32F5-4C41-89E4-6391458C3A72},Ward 5
2691,3321 Georgia LLC,http://www.dcregs.org/Gateway/ChapterHome.aspx?ChapterNumber=11-24,Order 10-26 Approved 04/11/2011,GA/C-2-B,Final,10-26,0,0,{605F9226-F5E1-4A94-9E45-FA35DFF2BF81},Ward 1
2692,Hazle II LLC,http://www.dcregs.org/Gateway/ChapterHome.aspx?ChapterNumber=11-24,Case # 10-29,R-5-B,Pending,10-29,0,0,{4218442C-A4ED-40C8-A8DF-F6310D5E1B70},Ward 8
2693,Duball Petworth LLC,http://www.dcregs.org/Gateway/ChapterHome.aspx?ChapterNumber=11-24,Final Order entered 2/2/2012,GA/C-3-A,Final,11-09,0,0,{D297E328-3905-40C5-AFAA-2210BED8D930},Ward 4
2694,Il Palazzo LLC,http://www.dcregs.org/Gateway/ChapterHome.aspx?ChapterNumber=11-24,"Case # 11-08, order final 3/9/2012, PUD Extention October 17,2014",R-5-D,Final,11-08A,0,0,{3531E12C-443A-4BA8-9157-495F0E687E47},Ward 1
2695,B&B 50 Florida Avenue LLC,http://www.dcregs.org/Gateway/ChapterHome.aspx?ChapterNumber=11-24,Case # 12-02,C-3-B,Pending,12-02,0,0,{96997BD4-A929-4A8B-86E6-A5B3BEF527AC},Ward 5
2696,EastBanc-W.D.C. Partners LLC,http://www.dcregs.org/Gateway/ChapterHome.aspx?ChapterNumber=11-24,Case # 11-12,CR,Final,11-12,0,0,{0B3C1EC1-E97B-4083-8A46-0792B01D7ABB},Ward 2
2698,National Academy of Sciences - Wisconsin Ave,http://www.dcregs.org/Gateway/ChapterHome.aspx?ChapterNumber=11-24,"Official Digital Zoning Map of July 1, 2010",C-2-A,Final,86-4,0,0,{7CE81969-9B07-4273-BF69-4FA22AC78CB0},Ward 2
2699,TC/CSG St. Matthews LLC,http://www.dcregs.org/Gateway/ChapterHome.aspx?ChapterNumber=11-24,"Case # 11-13, Approved July 6th 2012",CR,Final,11-13,0,0,{56EAB058-8125-46C3-9020-DBB24871FFE7},Ward 6
2700,The Kennedy-Warren,http://www.dcregs.org/Gateway/ChapterHome.aspx?ChapterNumber=11-24,"Official Digital Zoning Map of July 1, 2010",R-5-E,Final,96-7,0,0,{38AB89D2-81D6-4B25-BDAB-ED99168E090A},Ward 3
2704,4L Associates Joint Venture,http://www.dcregs.org/Gateway/ChapterHome.aspx?ChapterNumber=11-24,"Official Digital Zoning Map of July 1, 2010",R-5-A,Final,80-17,0,0,{4BFFD724-2112-4F59-AADA-0F0647AB9E57},Ward 5
2697,901 Monroe Street LLC,http://www.dcregs.org/Gateway/ChapterHome.aspx?ChapterNumber=11-24,Case # 10-28,C-2-B,Final,10-28,0,0,{92028E06-C07A-4A78-9E5E-09E21FDFFAEA},Ward 5
2701,Morris & Gwendolyn Cafritz Foundation - Final,http://www.dcregs.org/Gateway/ChapterHome.aspx?ChapterNumber=11-24,Minor PUD Modification 9/5/14,"C-2-B, FT/C-2-B",Final,06-10C,0,0,{3997C56E-17A0-4D25-AEC5-B8E4D9CD898B},Ward 5
2702,3rd & M LLC,http://www.dcregs.org/Gateway/ChapterHome.aspx?ChapterNumber=11-24,"Official Digital Zoning Map of July 1, 2010",R-5-D,Pending,12-14A,0,0,{57B70006-9DC3-47E1-AEA4-6714A01B4F88},Ward 6
2703,6000 New Hampshire Ave. N.E.,http://www.dcregs.org/Gateway/ChapterHome.aspx?ChapterNumber=11-24,"Official Digital Zoning Map of July 1, 2010",R-5-A,Final,05-30,0,0,{90056666-D309-49A3-92BE-2FD5DC6B729F},Ward 4
2705,Bozutto Group,http://www.dcregs.org/Gateway/ChapterHome.aspx?ChapterNumber=11-24,"Official Digital Zoning Map of July 1, 2010","C-2-B, R-5-B",Final,08-24B/04-25,0,0,{6C97D2E8-D544-4044-9891-147D4A9CFAC4},Ward 5
2706,National Academy of Sciences - Fifth Street,http://www.dcregs.org/Gateway/ChapterHome.aspx?ChapterNumber=11-24,"Official Digital Zoning Map of July 1, 2010",C-3-C,Final,01-34,0,0,{77C36327-BFB0-430D-B9E0-561352F2E41D},Ward 2
2707,Morris & Gwendolyn Cafritz Foundation - Pending,http://www.dcregs.org/Gateway/ChapterHome.aspx?ChapterNumber=11-24,Case # 06-10B,"C-2-B, FT/C-2-B",Pending,06-10B,0,0,{BC96C812-BDAF-4C8B-AF29-0A50309D6308},Ward 5
2708,Baywood Hotels,http://www.dcregs.org/Gateway/ChapterHome.aspx?ChapterNumber=11-24,Case # 11-25,C-3-C,Final,11-25,0,0,{36873EC6-34AB-48D4-ACB4-7AA8AFA239F1},Ward 5
2709,3rd & M and Park Inn Associates LP,http://www.dcregs.org/Gateway/ChapterHome.aspx?ChapterNumber=11-24,"Official Digital Zoning Map of July 1, 2010",R-5-D,Pending,12-14,0,0,{A175BC37-02B0-4D63-90E7-43E47A5ED308},Ward 6
2710,Lowell School,http://www.dcregs.org/Gateway/ChapterHome.aspx?ChapterNumber=11-24,"Official Digital Zoning Map of July 1, 2010",R-1-A,Final,97-16,0,0,{758F5A65-CC22-4547-A6C8-052141B6884A},Ward 4
2711,Prospect Joint Venture,http://www.dcregs.org/Gateway/ChapterHome.aspx?ChapterNumber=11-24,"Official Digital Zoning Map of July 1, 2010",R-5-A,Final,85-8,0,0,{13DDB8B7-067E-4F65-8BE8-D482A7FE1CDB},Ward 3
2712,Unified Communications Center,http://www.dcregs.org/Gateway/ChapterHome.aspx?ChapterNumber=11-24,"Official Digital Zoning Map of July 1, 2010",C-2-B,Final,01-36,0,0,{003F408C-DF8D-442A-B09D-7CC752073CFC},Ward 8
2714,Sheridan Redevelopment LLC & DCHA,http://www.dcregs.org/Gateway/ChapterHome.aspx?ChapterNumber=11-24,"Official Digital Zoning Map of July 1, 2010","R-5-B, C-2-A",Final,07-35,0,0,{374B0DFF-0202-49EF-9FA5-BD35F96339BE},Ward 8
2715,Alpine Associates,http://www.dcregs.org/Gateway/ChapterHome.aspx?ChapterNumber=11-24,"Official Digital Zoning Map of July 1, 2010",HR/C-3-C,Final,88-9,0,0,{74FDC0F6-244A-41DE-8CAB-C8779CADEEBC},Ward 2
2716,Parcel Seven Associates LLC ,http://www.dcregs.org/Gateway/ChapterHome.aspx?ChapterNumber=11-24,ZC Case  10-03,C-2-B,Final,10-03,0,0,{40A76B03-0243-4615-92E3-C38E5272D225},Ward 6
2717,Stanton-Eastbanc LLC,http://www.dcregs.org/Gateway/ChapterHome.aspx?ChapterNumber=11-24,Case # 11-24,C-2-B,Final,11-24,0,0,{C0C650BE-E5D1-4F63-8D1F-3F3E9E179FE2},Ward 6
2718,Salvation Army,http://www.dcregs.org/Gateway/ChapterHome.aspx?ChapterNumber=11-24,"Official Digital Zoning Map of July 1, 2010",C-3-A,Final,92-16,0,0,{833B4886-4812-42F7-A60C-1EFD04F7CCFB},Ward 5
2719,Jemals Babes,http://www.dcregs.org/Gateway/ChapterHome.aspx?ChapterNumber=11-24,Case # 10-23,C-3-A,Final,10-23,0,0,{AA7734AE-EDE3-41B6-9B76-2039480B46DA},Ward 3
2713,Matthews Memorial,http://www.dcregs.org/Gateway/ChapterHome.aspx?ChapterNumber=11-24,"Official Digital Zoning Map of July 1, 2010",C-2-A,Final,08-25,0,0,{DE9AF018-813F-4869-99BB-7B3879BC6A53},Ward 8
2720,Parkside Residential,http://www.dcregs.org/Gateway/ChapterHome.aspx?ChapterNumber=11-24,Case # 05-28L,"C-3-A, CR",Final,05-28L,0,0,{C5C27F8E-CDBD-4DC6-A363-8ED4F0CD6E88},Ward 7
2721,Capper/Carrollsburg Venture,http://www.dcregs.org/Gateway/ChapterHome.aspx?ChapterNumber=11-24,"Official Digital Zoning Map of July 1, 2010",CR,Final,03-12/03-13,0,0,{90A46AE5-E65B-4C91-8EF1-F54B09C62EEA},Ward 6
2722,GWU - Foggy Bottom Campus,http://www.dcregs.org/Gateway/ChapterHome.aspx?ChapterNumber=11-24,"Official Digital Zoning Map of July 1, 2010","R-5-D, R-5-E, SP-2, C-3-C, C-4",Final,06-11,0,0,{11514097-A9A4-46B6-B308-7CD34AE71817},Ward 2
2723,St. Elizabeths Hospital,http://www.dcregs.org/Gateway/ChapterHome.aspx?ChapterNumber=11-24,Case No. 04-08,SP-1,Final,04-08,0,0,{1FB8B72D-5A2F-453A-BB48-91D8DFD6105D},Ward 8
2724,USL WDC H Street LLC & H Street Self Storage LLC,http://www.dcregs.org/Gateway/ChapterHome.aspx?ChapterNumber=11-24,"Official Digital Zoning Map of July 1, 2010","R-5-B, HS-H/C-2-B",Final,12-18,0,0,{E1306C1B-B797-4CB6-A05F-9E93779D49E0},Ward 6
2725,Jemals Up Against the Wall,http://www.dcregs.org/Gateway/ChapterHome.aspx?ChapterNumber=11-24,"Official Digital Zoning Map of July 1, 2010. Z.C. Order 07-18 approved and finalized on 8/23/13.  ",DD/C-4,Final,07-18,0,0,{F6880C7C-98D1-4AE9-A488-8E8644862149},Ward 2
2726,Four Points LLC,http://www.dcregs.org/Gateway/ChapterHome.aspx?ChapterNumber=11-24,"Case no. 08-07, Order no. 08-07 Approved 9/9/13",C-3-A,Final,08-07,0,0,{E8DD245C-B4F7-46C0-AF80-08B034AA073E},Ward 8
2727,GWU - Site 77A,http://www.dcregs.org/Gateway/ChapterHome.aspx?ChapterNumber=11-24,"Case 06-11J/06-12J, Approved July 25 2013",C-3-C,Final,06-11J/06-12J,0,0,{EE9CE3B0-0D8F-4CA0-B6AA-B053F03D85B1},Ward 2
2728,Capitol Gateway Marketplace,http://www.dcregs.org/Gateway/ChapterHome.aspx?ChapterNumber=11-24,"Case # 12-16, Approved 9/30/13",C-2-A,Final,12-16,0,0,{2E0C93C5-8770-4318-B609-4CAB0EED3B98},Ward 7
2729,K Street Developers LLC,http://www.dcregs.org/Gateway/ChapterHome.aspx?ChapterNumber=11-24,Case # 05-36G 11/18/13,C-3-C,Final,05-36G,0,0,{617823A3-1A93-46CB-BAE9-2886C90DE5CE},Ward 6
2730,"Skyland Holdings, LLC",http://www.dcregs.org/Gateway/ChapterHome.aspx?ChapterNumber=11-24,Zoning Case No. 09-03B Approved 12/9/13,C-3-A,Final,09-03B,0,0,{D97BFFA3-4C8A-4BF2-9AA8-423E925563A8},Ward 7
2731,Skyland Holdings LLC,http://www.dcregs.org/Gateway/ChapterHome.aspx?ChapterNumber=11-24,"PUD Approved July 12, 2010",C-3-A,Final,09-03,0,0,{D104C99C-08C5-4A7D-80A7-E1ECB2FC4AD2},Ward 7
2800,777 17th Street LLC,http://www.dcregs.org/Gateway/ChapterHome.aspx?ChapterNumber=11-24,Setdown 4/11/16,C-2-B,Pending,15-31,0,0,{0685C4F0-EC7F-4BA8-8BD4-0423F18EA744},Ward 5
2801,KF Morse LLC,dcoz.dc.gov,Setdown 4/25/16,C-3-C,Pending,15-27,0,0,{2E43C93B-6571-40EE-A098-B6AC48B1CF74},Ward 5
2802,1200 3rd Street LLC,dcoz.dc.gov,Setdown 6/13/16,C-3-C,Pending,16-09,0,0,{178C5903-A310-413B-8484-343197329BDC},Ward 6
2803,Fifth and Morse L/Cal LLC,dcoz.dc.gov,Setdown 6/13/16,C-3-C,Pending,16-05,0,0,{7093CFCE-BF87-4DD9-9857-3D1371FD0F70},Ward 5
2804,W-G 9th and O LLC,dcoz.dc.gov,Setdown 6/13/16,C-2-B,Pending,16-07,0,0,{41984FD0-AA0B-45F6-AAA9-C03BC6257E2D},Ward 6
2751,ICG 16th Street Associates LLC,http://www.dcregs.org/Gateway/ChapterHome.aspx?ChapterNumber=11-24,"Case # 13-04, order final 10/4/2013",C-3-C,Final,13-04,0,0,{761875D5-19D3-44AC-8EC5-45800FBE4FF6},Ward 2
2752,1001 4th Street S.W.,http://www.dcregs.org/Gateway/ChapterHome.aspx?ChapterNumber=11-24,Case 02-38D approved 9/30/13,C-3-C,Final,02-38D,0,0,{A96BC2C2-C9D7-443D-BA96-E9A10995AC83},Ward 6
2753,ZP Georgia LP,http://www.dcregs.org/Gateway/ChapterHome.aspx?ChapterNumber=11-24,"Set Down as contested case, 12/9/13",C-2-B,Pending,13-10,0,0,{51C572A6-58F2-4E68-AFFA-29B7EAA42DF3},Ward 1
2754,Skyland Holdings LLC.,http://www.dcregs.org/Gateway/ChapterHome.aspx?ChapterNumber=11-24,"Case 09-03A, Approved 12/9/13",C-3-A,Final,09-03A,0,0,{6C9E8BCA-A0DD-4E4A-BC77-BE20D74C3FED},Ward 7
2755,Vision McMillan Partners LLC & DMPED,http://www.dcregs.org/Gateway/ChapterHome.aspx?ChapterNumber=11-24,Case 13-14 Set Down as contested case 1/27/14,"C-3-C, CR",Final,13-14,0,0,{1FA0880E-C1E6-4370-9B48-BDA682B2A2D3},Ward 5
2756,Capper Carrollsburg Venture LLC & DCHA,http://www.dcregs.org/Gateway/ChapterHome.aspx?ChapterNumber=11-24,Set Down as contested case 2/10/14,CR,Final,03-12R/03-13R,0,0,{52686DD1-5C19-44CD-8A85-6F1DA5ED75A8},Ward 6
2749,Square 5914 LLC,http://www.dcregs.org/Gateway/ChapterHome.aspx?ChapterNumber=11-24,Case No. 13-08,C-3-B,Pending,13-08,0,0,{F911337A-0277-4ADC-BC68-E96F62FEAEBC},Ward 8
2750,Center Place Holdings LLC,http://www.dcregs.org/Gateway/ChapterHome.aspx?ChapterNumber=11-24,Order 08-34 approved on 05/23/2011. Order 08-34A approved on 3/1/13.,C-4,Final,08-34E,0,0,{2F74244B-364E-4AD0-BB3F-67EB0B4125FC},Ward 6
2757,Brownstein Commons LP,http://www.dcregs.org/Gateway/ChapterHome.aspx?ChapterNumber=11-24,"Setdown 2/10/14 Case # 13-17, Approved 6/30/14",R-5-B,Final,13-17,0,0,{9944F9F3-3E3C-4408-9748-EFFCEC26A721},Ward 8
2758,Jemals Hecht's LLC,http://www.dcregs.org/Gateway/ChapterHome.aspx?ChapterNumber=11-24,"Set Down 2/24/14, Approved July 17, 2015",C-3-C,Final,14-01,0,0,{A4A2964A-7E90-455C-97E7-970D5E6448EC},Ward 5
2759,WBG Wheeler Road LLC,http://www.dcregs.org/Gateway/ChapterHome.aspx?ChapterNumber=11-24,"Order Published DC Register April 17, 2015",C-2-B,Final,13-18,0,0,{2009FA29-82CC-4F16-89A4-F76B56C7D594},Ward 8
2760,1333 M St SE LLC,http://www.dcregs.org/Gateway/ChapterHome.aspx?ChapterNumber=11-24,Set Down 3/10/14,C-3-C,Final,13-12,0,0,{17B1900C-1A2E-4449-95E5-644C2F3D2DD6},Ward 6
2761,Professional Associates and International Finance Corporation,http://www.dcregs.org/Gateway/ChapterHome.aspx?ChapterNumber=11-24,"Case # 14-04 Set Down 4/15/14, Approved 12/5/14",C-3-C,Final,14-04,0,0,{0114CA44-547F-43A9-8FB6-BD71BD5F10A5},Ward 2
2762,A&R Development Corp & DCHA & Preservation of Affordable Housing Inc.,http://www.dcregs.org/Gateway/ChapterHome.aspx?ChapterNumber=11-24,"Case #14-02, Set Down 3/31/14","C-2-A, R-5-B",Pending,14-02,0,0,{848D5677-4784-433D-9FAA-BFC6F5F7FC60},Ward 8
2763,Portner Place LLC,http://www.dcregs.org/Gateway/ChapterHome.aspx?ChapterNumber=11-24,Set Down 6/30/14,"R-5-D, CR",Final,14-08,0,0,{95380C48-3F90-4D41-AF81-1121B0213BCF},Ward 1
2764,QC 369 LLC,http://www.dcregs.org/Gateway/ChapterHome.aspx?ChapterNumber=11-24,Order 14-09 5/1/15,"DD/C-2-C, DD/C-2-A",Final,14-09,0,0,{A70AAFE5-FBDD-43D4-9433-799F393147C3},Ward 2
2765,EAJ 1309 5th St LLC,http://www.dcregs.org/Gateway/ChapterHome.aspx?ChapterNumber=11-24,Case 14-12 Set Down 7/28/14 DC Register 5/8/15,C-3-C,Final,14-12,0,0,{0743E43B-AC67-4323-9998-AD06CA01BED6},Ward 5
2766,Mid-City Financial,http://www.dcregs.org/Gateway/ChapterHome.aspx?ChapterNumber=11-24,"Case 14-18 Setdown 11/24/14, Approved DC Register 11/6",C-2-A/R-5-B,Final,14-18,0,0,{3DD9BE90-6803-4C34-A71F-FBCFBF24D4B8},Ward 5
2767,M St Dev Group LLC & Square 772 Dev Group LLC,http://www.dcregs.org/Gateway/ChapterHome.aspx?ChapterNumber=11-24,DC Register 11/20/15,C-3-C,Final,14-19,0,0,{618F9BC6-7A4B-49DC-8C84-126AA7218DAE},Ward 6
2768,Aria Development Group,http://www.dcregs.org/Gateway/ChapterHome.aspx?ChapterNumber=11-24,DC Register 5/13/16,R-5-C,Final,15-03,0,0,{E62CFEBB-B147-4627-B92C-3DE7F5D770FE},Ward 1
2769,Comstock Sixth Street LLC,http://www.dcregs.org/Gateway/ChapterHome.aspx?ChapterNumber=11-24,"Set down April 13, 2015, Approved DC Register 1/15/16",R-4,Final,15-04,0,0,{37703619-3812-4D50-B727-04D818261DD3},Ward 5
2770,MRP Realty,http://www.dcregs.org/Gateway/ChapterHome.aspx?ChapterNumber=11-24,Setdown 4/27/15,HS-H/C-2-B,Final,15-07,0,0,{2A827DB9-A138-450F-9F79-7D9B4F23B77D},Ward 6
2771,EYA LLC & St. Pauls College,http://www.dcregs.org/Gateway/ChapterHome.aspx?ChapterNumber=11-24,"Official Digital Zoning Map of July 1, 2010",R-5-B,Final,07-27,0,0,{BB40D230-D9A6-4EAB-B79E-97DEB11020B1},Ward 5
2772,View 14 Investments LLC,http://www.dcregs.org/Gateway/ChapterHome.aspx?ChapterNumber=11-24,PUD Modification DC Register July 3 2014,C-2-B,Final,05-22A,0,0,{22D88BA1-849C-47A9-B0DF-0DD255DDB150},Ward 1
2773,BP 1330 Connecticut Avenue LLC,http://www.dcregs.org/Gateway/ChapterHome.aspx?ChapterNumber=11-24,DC Register 7/30/15,C-3-B,Final,80-13A,0,0,{49DFCEF2-13D6-4944-8365-FC718EE8C92B},Ward 2
2774,Conference Center Associates I LLC,http://www.dcregs.org/Gateway/ChapterHome.aspx?ChapterNumber=11-24,"Official Digital Zoning Map of July 1, 2010",C-3-A,Pending,08-33C,0,0,{95A2A580-EEE5-48BE-A481-8B1647579345},Ward 5
2775,Capitol Crossing IV LLC & Archdiocese of Washington Holy Rosary,http://www.dcregs.org/Gateway/ChapterHome.aspx?ChapterNumber=11-24,"Case # 08-34C, Setdown July 29, 2013, 2nd Stage PUD",HR/C-4,Final,08-34C,0,0,{5082077A-175D-4799-B3D3-0C0E9EC2AAA5},Ward 6
2776,1250 4th St Edens LLC,http://www.dcregs.org/Gateway/ChapterHome.aspx?ChapterNumber=11-24,DC Register July 3 2015,C-3-C,Final,14-07,0,0,{E2994B35-5043-41E2-82FC-E2C8899A3C97},Ward 5
2777,Jemals CDC LLC,http://www.dcregs.org/Gateway/ChapterHome.aspx?ChapterNumber=11-24,"Set Down 9/30/14, DC Register 7/30/15",HS-H/C-2-B,Final,14-14,0,0,{59DD8D5E-48A1-4F18-BA23-6034B282A00D},Ward 6
2778,Barry Place Partners LLC,http://www.dcregs.org/Gateway/ChapterHome.aspx?ChapterNumber=11-24,"Set Down 1/12/14, DC Register 7/30/15",C-2-B,Final,14-21,0,0,{B2F6BB0E-80D7-4384-9EF4-5FFAFDD2A55B},Ward 1
2779,MHI-Brookland LLC,http://www.dcregs.org/Gateway/ChapterHome.aspx?ChapterNumber=11-24,Set Down 6/28/15,R-5-B,Pending,15-02,0,0,{8F8AB6DB-B638-4D88-910E-41FCEA71093D},Ward 5
2780,Deanwood Hills LLC,http://www.dcregs.org/Gateway/ChapterHome.aspx?ChapterNumber=11-24,DC Register 12/21/15 Approved,R-5-B,Final,15-10,0,0,{BAD88844-D437-4E8D-BEFD-CA23550D9ACF},Ward 7
2781,Jair Lynch Development Partners,http://www.dcregs.org/Gateway/ChapterHome.aspx?ChapterNumber=11-24,DC Register 4/22/16,CR,Final,13-14A,0,0,{CCED4B85-90E2-4036-B420-5318142DBD97},Ward 5
2782,Stanton Square LLC,http://www.dcregs.org/Gateway/ChapterHome.aspx?ChapterNumber=11-24,"Setdown 7/27/15, Approved 4/11/16","R-5-A, SP-1",Final,13-09,0,0,{5A0D7FBE-2F13-4867-B974-00638999AD07},Ward 8
2783,P.N. Hoffman Inc & Riverside Baptist Church,http://www.dcregs.org/Gateway/ChapterHome.aspx?ChapterNumber=11-24,DC Register 3/18/16,C-3-A,Final,15-05,0,0,{00115CFC-4076-4A9E-8FAE-AE009053F4ED},Ward 6
2784,J River 1401 Pennsylvania Ave LLC,http://www.dcregs.org/Gateway/ChapterHome.aspx?ChapterNumber=11-24,DC Register 4/28/16,C-2-B,Final,15-12,0,0,{FC11D52B-E538-4CEB-8B4F-6BC3208D0A82},Ward 6
2785,District of Columbia Water and Sewer Authority,http://www.dcregs.org/Gateway/ChapterHome.aspx?ChapterNumber=11-24,Setdown 7/27/15,CG/CR,Final,15-14,0,0,{BBF64E3F-F7E5-40F5-8D60-2D15C5484F1D},Ward 6
2786,Level 2 Development,http://www.dcregs.org/Gateway/ChapterHome.aspx?ChapterNumber=11-24,Approved DC Register 8/21/15,C-3-C,Final,15-01,0,0,{0600C4F8-5538-4ED9-9453-D5130EBFC47E},Ward 5
2787,Sursum Corda Cooperative Association,http://www.dcregs.org/Gateway/ChapterHome.aspx?ChapterNumber=11-24,DC Register 6/17/16,C-3-C,Final,15-20,0,0,{CA29A4D9-776A-489A-B45C-A496FE376F78},Ward 6
2788,Watkins Alley LLC,http://www.dcregs.org/Gateway/ChapterHome.aspx?ChapterNumber=11-24,Setdown case 11/9/15,R-5-B,Pending,15-13,0,0,{8EAD64D5-CBD4-4923-AB56-F43E5185D64C},Ward 6
2789,JBG/Boundary 1500 Hary Thomas LLC & JBG/Boundary Eckington Place LLC,http://www.dcregs.org/Gateway/ChapterHome.aspx?ChapterNumber=11-24,Setdown 11/23/15,CR,Pending,15-15,0,0,{0B61EF7A-F2BB-4726-90D0-5EAA0ED17E1E},Ward 5
2790,MRP Rhode Island Investors LLC & B&R Associates LP & Sandrock LP,http://www.dcregs.org/Gateway/ChapterHome.aspx?ChapterNumber=11-24,Setdown 11/23/15,C-3-A,Pending,15-16,0,0,{622DD19B-FB7A-4CB9-A1DB-B1D37F5AC98D},Ward 5
2792,Kenilworth Revitalization LLC & DCHA,http://www.dcregs.org/Gateway/ChapterHome.aspx?ChapterNumber=11-24,Setdown 12/15/15,"R-5-B, C-2-A",Pending,15-21,0,0,{365CB8D7-7040-4286-B603-31461276D4D7},Ward 7
2793,411 New York Ave Holdings LLC,http://www.dcregs.org/Gateway/ChapterHome.aspx?ChapterNumber=11-24,Setdown 11/23/15,C-3-C,Pending,15-19,0,0,{2DEF53F9-56AD-476B-BB0B-521FC166D14C},Ward 5
2791,301 FL Manager LLC,http://www.dcregs.org/Gateway/ChapterHome.aspx?ChapterNumber=11-24,Setdown 11/23/15,C-3-C,Final,15-22,0,0,{48CEF20D-1FF0-42E5-95F5-67307551FD55},Ward 6
2794,Gallaudet University & The JBG Companies,http://www.dcregs.org/Gateway/ChapterHome.aspx?ChapterNumber=11-24,Setdown 2/8/16,"C-3-A, C-3-C",Pending,15-24,0,0,{5F5B2619-8142-4FA5-B1D4-7268299C86AC},Ward 5
2795,Foulger-Pratt Development LLC,http://www.dcregs.org/Gateway/ChapterHome.aspx?ChapterNumber=11-24,Setdown 2/8/16,C-3-C,Pending,15-28,0,0,{0A811C26-AD84-473C-BC40-69EA205CD77D},Ward 6
2796,Jemals Gateway DC LLC,http://www.dcregs.org/Gateway/ChapterHome.aspx?ChapterNumber=11-24,Setdown 2/8/16,C-2-B,Pending,15-29,0,0,{7DE91C4C-003A-4E9C-A3D0-EC50DA458ACF},Ward 4
2797,Insight E Street LLC,http://www.dcregs.org/Gateway/ChapterHome.aspx?ChapterNumber=11-24,Setdown 2/8/16,R-5-B,Pending,15-33,0,0,{97E08471-3077-4002-9573-78CCDCA0C1F6},Ward 6
2798,DC Stadium LLC,http://www.dcregs.org/Gateway/ChapterHome.aspx?ChapterNumber=11-24,Setdown 3/14/16,CG/CR,Pending,16-02,0,0,{C17B101A-8AEE-4825-938C-CADFCC3C3724},Ward 6
2799,Initio LP,http://www.dcregs.org/Gateway/ChapterHome.aspx?ChapterNumber=11-24,Setdown 4/11/16,W-2,Pending,15-18,0,0,{EB6D0AF4-9ECF-4DC6-9B72-0ED3737D9E78},Ward 2
2631,Public Space Utilization Act App.,http://www.dcregs.org/Gateway/ChapterHome.aspx?ChapterNumber=11-24,"Official Digital Zoning Map of July 1, 2010",C-4,Final,01-07,0,0,{13A50021-CD80-4D3F-85A8-FD231A92D0C1},Ward 2
2632,DOT Headquarters- SE Federal Center,http://www.dcregs.org/Gateway/ChapterHome.aspx?ChapterNumber=11-24,"Official Digital Zoning Map of July 1, 2010",C-3-C,Final,03-05,0,0,{0AAFFC8B-05C2-4A63-8D7B-5635995120BD},Ward 6
2633,Joseph Horning & Norris Dodson Realty,http://www.dcregs.org/Gateway/ChapterHome.aspx?ChapterNumber=11-24,"Official Digital Zoning Map of July 1, 2010",R-5-A,Final,82-6,0,0,{8C6826BA-913C-4664-B1B9-4C8F4258E08A},Ward 5
2634,CESC 1229-1231 TRS & CESC 1227,http://www.dcregs.org/Gateway/ChapterHome.aspx?ChapterNumber=11-24,"Official Digital Zoning Map of July 1, 2010",CR,Final,06-35,0,0,{4412172C-EB68-4A24-84B6-AF2C5D14EC86},Ward 2
2635,International Bank for Reconstr. & Dev.,http://www.dcregs.org/Gateway/ChapterHome.aspx?ChapterNumber=11-24,"Official Digital Zoning Map of July 1, 2010",C-3-B,Final,89-17,0,0,{C1C7A5EC-397A-46D0-85C1-2B8C3DA50C46},Ward 2
2629,Ft. Lincoln New Town & Premium Distr.,http://www.dcregs.org/Gateway/ChapterHome.aspx?ChapterNumber=11-24,"Official Digital Zoning Map of July 1, 2010",C-M-1,Final,99-5,0,0,{F2019AF0-2AE9-47C5-82DD-F3AD18065EEA},Ward 5
2630,Center for Strategic and Intl Studies,http://www.dcregs.org/Gateway/ChapterHome.aspx?ChapterNumber=11-24,"Official Digital Zoning Map of July 1, 2010",C-4,Final,02-51C,0,0,{5F13A355-5C95-4D7C-A2FC-255ED5318101},Ward 2
2636,United House of Prayer for All People,http://www.dcregs.org/Gateway/ChapterHome.aspx?ChapterNumber=11-24,"Official Digital Zoning Map of July 1, 2010",C-2-B,Final,09-05,0,0,{9C6CDC89-7938-41F0-B2E7-0ADA463D400A},Ward 6
2637,Capitol Gateway Overlay Review,http://www.dcregs.org/Gateway/ChapterHome.aspx?ChapterNumber=11-24,"Official Digital Zoning Map of July 1, 2010",C-3-C,Final,07-32,0,0,{673E1AC9-4277-47A6-8ADF-7F70FB10ED22},Ward 6
2638,Former Columbia Hospital for Women,http://www.dcregs.org/Gateway/ChapterHome.aspx?ChapterNumber=11-24,"Official Digital Zoning Map of July 1, 2010",C-2-C,Final,03-11,0,0,{39A8EE92-3DFE-4A8D-AF80-8CF08E8F4DBA},Ward 2
2639,Waterfront Associates,http://www.dcregs.org/Gateway/ChapterHome.aspx?ChapterNumber=11-24,"Official Digital Zoning Map of July 1, 2010",C-3-C,Final,02-38,0,0,{E3EBCD3F-C48F-4901-9B15-68C1E93A94F3},Ward 6
2640,New East Capitol Senior Building,http://www.dcregs.org/Gateway/ChapterHome.aspx?ChapterNumber=11-24,"Official Digital Zoning Map of July 1, 2010",R-5-A,Final,02-04,0,0,{6E1DB85E-612D-4F52-B563-08F84F4444D0},Ward 7
2641,JBG (Solar Building),http://www.dcregs.org/Gateway/ChapterHome.aspx?ChapterNumber=11-24,"Official Digital Zoning Map of July 1, 2010",C-4,Final,02-24A,0,0,{F1F117C1-13F5-40AA-8F3A-87DE8D7313D4},Ward 2
2642,Nehemiah Homes at Fort Dupont,http://www.dcregs.org/Gateway/ChapterHome.aspx?ChapterNumber=11-24,"Official Digital Zoning Map of July 1, 2010",R-5-A,Final,01-12,0,0,{F4F564A7-AA13-4114-AEED-03DC8248EAD6},Ward 7
2643,Adams Morgan Garage & Residences,http://www.dcregs.org/Gateway/ChapterHome.aspx?ChapterNumber=11-24,"Official Digital Zoning Map of July 1, 2010","RC/C-2-B, C-2-B",Final,97-1,0,0,{2C60055E-D0A2-477F-8064-033E8EF01F95},Ward 1
2644,Washington Hospital Center,http://www.dcregs.org/Gateway/ChapterHome.aspx?ChapterNumber=11-24,"Official Digital Zoning Map of July 1, 2010",SP-1,Final,94-21,0,0,{F2284380-8FA5-48B9-8FC1-9D5B8340D923},Ward 5
2645,BYU/Resources Center,http://www.dcregs.org/Gateway/ChapterHome.aspx?ChapterNumber=11-24,"Official Digital Zoning Map of July 1, 2010","SP-1, R-5-E",Final,93-15,0,0,{6B0F2617-AE77-46EA-BABE-EFFA2B7556C1},Ward 2
2646,Boston Properties II,http://www.dcregs.org/Gateway/ChapterHome.aspx?ChapterNumber=11-24,"Official Digital Zoning Map of July 1, 2010",CR,Final,87-18,0,0,{4405832E-D4E7-48F9-86E2-726F7F6F3789},Ward 2
2647,Boston Properties,http://www.dcregs.org/Gateway/ChapterHome.aspx?ChapterNumber=11-24,"Split from 87-18, 02/01/2011",CR,Final,86-1,0,0,{4D1CBCA7-862E-4D30-9A46-675C80088E1A},Ward 2
2648,Soapstone II,http://www.dcregs.org/Gateway/ChapterHome.aspx?ChapterNumber=11-24,"Official Digital Zoning Map of July 1, 2010",C-3-A,Final,84-13,0,0,{B7113647-0F61-49E9-8BE3-9C64E512FC64},Ward 3
2656,Trustees of the Corcoran Gallery of Art,http://www.dcregs.org/Gateway/ChapterHome.aspx?ChapterNumber=11-24,"ZC Case No. 07-13E, DC Register May 9, 2014",C-3-C,Final,07-13E,0,0,{BC199971-7D6B-46B6-8B84-AF32E9D06EC6},Ward 6
2657,2400 14th Street N.W.,http://www.dcregs.org/Gateway/ChapterHome.aspx?ChapterNumber=11-24,"Official Digital Zoning Map of July 1, 2010",C-2-B,Final,06-24,0,0,{728AE3DE-02F3-4007-8558-2E50E1DD0B91},Ward 1
2658,Gateway Market Center Inc.,http://www.dcregs.org/Gateway/ChapterHome.aspx?ChapterNumber=11-24,PUD Modification 1/27/14,C-3-C,Final,06-40C,0,0,{B91B52BE-9452-4B1B-9DD6-133657EBBC6F},Ward 5
2659,St. Coletta of Greater Washington Inc.,http://www.dcregs.org/Gateway/ChapterHome.aspx?ChapterNumber=11-24,"Official Digital Zoning Map of July 1, 2010",SP-1,Final,03-21,0,0,{D0852EAA-D2D5-40F2-8728-874E5E895BF8},Ward 7
2660,Jemals Cayre Woodies LLC,http://www.dcregs.org/Gateway/ChapterHome.aspx?ChapterNumber=11-24,"Official Digital Zoning Map of July 1, 2010",DD/C-4,Final,02-23,0,0,{298C9D6D-B3F4-41B7-BA1A-C57DE7F4BD9E},Ward 2
2661,1000 K Street NW,http://www.dcregs.org/Gateway/ChapterHome.aspx?ChapterNumber=11-24,"Official Digital Zoning Map of July 1, 2010",HR/C-3-C,Final,03-08,0,0,{17CE3043-6A7D-4B3C-AC4A-BC7A0428B09B},Ward 2
2662,3211 4th Street NE,http://www.dcregs.org/Gateway/ChapterHome.aspx?ChapterNumber=11-24,"Official Digital Zoning Map of July 1, 2010",SP-1,Final,98-18,0,0,{4DDD584D-F19A-405F-B962-BED69F0F7826},Ward 5
2655,Watergate Hotel,http://www.dcregs.org/Gateway/ChapterHome.aspx?ChapterNumber=11-24,"Official Digital Zoning Map of July 1, 2010",SP-2,Final,03-16,0,0,{808EDBA8-0FE4-426C-B1FE-C789D114CE85},Ward 2
2663,G.K.D. 1412 Chapin Street LLC,http://www.dcregs.org/Gateway/ChapterHome.aspx?ChapterNumber=11-24,"Official Digital Zoning Map of August 20, 2010",C-2-B,Final,09-15,0,0,{8A5C960A-0CFC-493A-AEE2-44B9D32233AD},Ward 1
2664,The Athena Group LLC,http://www.dcregs.org/Gateway/ChapterHome.aspx?ChapterNumber=11-24,"Official Digital Zoning Map of July 1, 2010",R-5-A,Final,08-21,0,0,{6814AA2C-041B-4A1D-A07D-8F625F4CC72C},Ward 3
2665,Florida Rock Properties Inc.,http://www.dcregs.org/Gateway/ChapterHome.aspx?ChapterNumber=11-24,"Official Digital Zoning Map of July 1, 2010",C-3-C,Final,04-14A,0,0,{1DFCF142-D616-4856-BA74-EB513AF0BED3},Ward 6
2666,Brookland Artspace Lofts LLC,http://www.dcregs.org/Gateway/ChapterHome.aspx?ChapterNumber=11-24,"Official Digital Zoning Map of July 1, 2010",C-2-B,Final,09-08,0,0,{1696892B-B1E9-427E-9DFA-A127D94512A9},Ward 5
2667,Adams Morgan Church Hotel LLC,http://www.dcregs.org/Gateway/ChapterHome.aspx?ChapterNumber=11-24,Case # 11-17,C-2-B,Final,11-17,0,0,{0764089A-8FB6-4062-B508-49ECA0E2FE1C},Ward 1
2668,Governments of Czechoslovakia & Hungary & Indonesia & Poland,http://www.dcregs.org/Gateway/ChapterHome.aspx?ChapterNumber=11-24,"Case 71-5, Order 70 (R-5-C changed to R-5-D via Order 721)",R-5-D,Final,71-5,0,0,{B8D468DC-71FD-49EA-B4DD-742EB8AD546D},Ward 3
2649,Ashmeade Associates,http://www.dcregs.org/Gateway/ChapterHome.aspx?ChapterNumber=11-24,"Official Digital Zoning Map of July 1, 2010","R-5-C, R-5-B",Final,83-11,0,0,{1E630BD6-8F6C-4793-A099-5552B497A721},Ward 1
2650,Childrens Hospital National Med. Ctr,http://www.dcregs.org/Gateway/ChapterHome.aspx?ChapterNumber=11-24,"Official Digital Zoning Map of July 1, 2010",SP-2,Final,70-3,0,0,{068FBE6D-6E85-4E90-93EF-6A4BD101FBB3},Ward 5
2651,Non-Profit Community Development Corp.,http://www.dcregs.org/Gateway/ChapterHome.aspx?ChapterNumber=11-24,"Official Digital Zoning Map of July 1, 2010",C-2-B,Final,05-14,0,0,{72EAF9D8-26AF-4349-9F36-8F03A3933FE6},Ward 1
2652,Friendship-Macomb,http://www.dcregs.org/Gateway/ChapterHome.aspx?ChapterNumber=11-24,"Official Digital Zoning Map of July 1, 2010",C-2-A,Final,08-15,0,0,{267CE4BF-3981-48DD-8D79-05A60DB05C38},Ward 3
2653,Station Place,http://www.dcregs.org/Gateway/ChapterHome.aspx?ChapterNumber=11-24,"Official Digital Zoning Map of July 1, 2010",C-3-C,Final,03-31,0,0,{5E206D95-3B48-4B98-94B3-DADA1802F76B},Ward 6
2654,The Nannie Helen at 4800,http://www.dcregs.org/Gateway/ChapterHome.aspx?ChapterNumber=11-24,"PUD Approved Sept. 23, 2010",C-2-A,Final,10-11,0,0,{3C90B130-3724-42FD-B11D-A92D076B3E14},Ward 7
2477,Sibley Memorial Hospital,http://www.dcregs.org/Gateway/ChapterHome.aspx?ChapterNumber=11-24,"Official Digital Zoning Map of July 1, 2010",SP-1,Final,05-42,0,0,{6BB849DB-EC6D-4F38-83C8-AFBF778B9464},Ward 3
2478,MedStar Health - Wash. Hospital Center,http://www.dcregs.org/Gateway/ChapterHome.aspx?ChapterNumber=11-24,"Official Digital Zoning Map of July 1, 2010","SP-1, SP-2",Final,04-17A,0,0,{2D1311A5-EEC3-48EF-A93E-69B8FD95F47F},Ward 5
2479,George Washington U. Residence Hall,http://www.dcregs.org/Gateway/ChapterHome.aspx?ChapterNumber=11-24,"Official Digital Zoning Map of July 1, 2010",C-3-C,Final,03-29A,0,0,{81E8DCA0-D566-405A-8E50-3B14F470AB87},Ward 2
2480,Lafayette Centre,http://www.dcregs.org/Gateway/ChapterHome.aspx?ChapterNumber=11-24,"Official Digital Zoning Map of July 1, 2010",C-3-B,Final,84-17,0,0,{3C99F959-9343-41FE-9007-ED3AB587B592},Ward 2
2561,One Judiciary Square,http://www.dcregs.org/Gateway/ChapterHome.aspx?ChapterNumber=11-24,"Official Digital Zoning Map of July 1, 2010",C-3-C,Final,97-11,0,0,{763D948C-60CC-42AB-AA0C-5F290F8F758F},Ward 2
2562,Pollin Memorial Community Dev.,http://www.dcregs.org/Gateway/ChapterHome.aspx?ChapterNumber=11-24,"Official Digital Zoning Map of July 1, 2010",R-5-A,Final,06-30,0,0,{E798EBF0-3431-481E-9AF4-8E8E6AFDFC6B},Ward 7
2563,Anacostia Gateway Government Center,http://www.dcregs.org/Gateway/ChapterHome.aspx?ChapterNumber=11-24,"Official Digital Zoning Map of July 1, 2010",C-3-A,Final,05-03,0,0,{6242C06A-A2D8-4C92-9745-402E6593A44E},Ward 8
2476,DCPS and GWU- School Without Walls,http://www.dcregs.org/Gateway/ChapterHome.aspx?ChapterNumber=11-24,"Official Digital Zoning Map of July 1, 2010",SP-2,Final,06-17,0,0,{6C3741C2-4A6D-4F26-A99A-350F6E63FCF4},Ward 2
2564,Georgetown University,http://www.dcregs.org/Gateway/ChapterHome.aspx?ChapterNumber=11-24,"Official Digital Zoning Map of July 1, 2010",C-3-B,Final,78-17,0,0,{709D2BB2-591B-40B8-BCB1-77603630786B},Ward 2
2568,Republic of Italy,http://www.dcregs.org/Gateway/ChapterHome.aspx?ChapterNumber=11-24,"Official Digital Zoning Map of July 1, 2010",R-5-C,Final,78-30,0,0,{47023509-E1CC-4C93-B5DB-6B0A5B52D62E},Ward 3
2569,Prudential Insurance Co. of America,http://www.dcregs.org/Gateway/ChapterHome.aspx?ChapterNumber=11-24,"Official Digital Zoning Map of July 1, 2010",C-3-A,Final,79-19,0,0,{CF65AA02-2E17-4664-A594-F1AA57619610},Ward 3
2570,Republic of France,http://www.dcregs.org/Gateway/ChapterHome.aspx?ChapterNumber=11-24,"Official Digital Zoning Map of July 1, 2010",R-5-C,Final,78-20,0,0,{9646DD56-E7B1-460D-B6D2-A4C31A4BAFF2},Ward 3
2571,CESC 2101 L St. LLC,http://www.dcregs.org/Gateway/ChapterHome.aspx?ChapterNumber=11-24,"Official Digital Zoning Map of July 1, 2010",C-3-B,Final,70-16A,0,0,{DEE7D6E8-9C37-45FF-8571-DD4601D0163D},Ward 2
2572,St. Martins Apartments,http://www.dcregs.org/Gateway/ChapterHome.aspx?ChapterNumber=11-24,"Official Digital Zoning Map of July 1, 2010",R-5-B,Final,05-39,0,0,{D05031DF-3AD1-4CDC-B3C0-2C816FE71DD1},Ward 5
2565,IMF Headquarters 2,http://www.dcregs.org/Gateway/ChapterHome.aspx?ChapterNumber=11-24,"Official Digital Zoning Map of July 1, 2010",C-4,Final,01-13A,0,0,{431BC21C-CA74-4E4A-9741-8F82074454F7},Ward 2
2566,G.W. Carver Senior Apartments,http://www.dcregs.org/Gateway/ChapterHome.aspx?ChapterNumber=11-24,"Official Digital Zoning Map of July 1, 2010",R-5-B,Final,04-04A,0,0,{B48F723C-5E59-4D46-9C3D-CD98353E5E1F},Ward 7
2567,Boston Properties et al,http://www.dcregs.org/Gateway/ChapterHome.aspx?ChapterNumber=11-24,"Official Digital Zoning Map of July 1, 2010",C-3-C,Final,06-27,0,0,{7F7905A3-ED10-4502-8D5C-C6EFEF9E96EC},Ward 2
2573,H Street Community Development Corp,http://www.dcregs.org/Gateway/ChapterHome.aspx?ChapterNumber=11-24,"Official Digital Zoning Map of July 1, 2010",C-3-A,Final,05-25,0,0,{38C386CC-A1E4-4B10-88DA-25C3A95F845D},Ward 5
2574,Eastgate Senior Residences,http://www.dcregs.org/Gateway/ChapterHome.aspx?ChapterNumber=11-24,"Official Digital Zoning Map of July 1, 2010",R-5-B,Final,04-37,0,0,{6E0AF965-A464-427D-B08A-0AF5CDC9DF27},Ward 7
2575,"Marriott International, Inc.",http://www.dcregs.org/Gateway/ChapterHome.aspx?ChapterNumber=11-24,"Official Digital Zoning Map of July 1, 2010",DD/C-3-C,Final,08-13,0,0,{27D74495-D3ED-49C7-858E-027B307D608B},Ward 2
2576,American Institute of Architects,http://www.dcregs.org/Gateway/ChapterHome.aspx?ChapterNumber=11-24,"Official Digital Zoning Map of July 1, 2010",C-3-C,Final,08-27,0,0,{391A9576-90D1-49E4-994D-A6ACFF34DF3E},Ward 2
2577,Georgia & Lamont L.P.,http://www.dcregs.org/Gateway/ChapterHome.aspx?ChapterNumber=11-24,"Official Digital Zoning Map of July 1, 2010",GAC-2-B,Final,08-26,0,0,{4F7005FE-146A-4067-8681-2F0503ED905D},Ward 1
2578,Highlands Addition,http://www.dcregs.org/Gateway/ChapterHome.aspx?ChapterNumber=11-24,"Official Digital Zoning Map of July 1, 2010",R-5-B,Final,06-45,0,0,{DFBC52BB-F2A0-4E80-B9A0-770446A90F6A},Ward 8
2579,Steuart - H Street LLC,http://www.dcregs.org/Gateway/ChapterHome.aspx?ChapterNumber=11-24,"Official Digital Zoning Map of July 1, 2010",C-2-B,Final,06-01,0,0,{8E0B1C30-6578-4B3F-9B76-31233B8D2767},Ward 6
2580,PerStar M St. Partners LLC,http://www.dcregs.org/Gateway/ChapterHome.aspx?ChapterNumber=11-24,"Official Digital Zoning Map of July 1, 2010",CR,Final,07-21,0,0,{A59DA8CB-8D08-43C7-B9CB-BDEAF4BCA277},Ward 2
2581,Kelsey Gardens Property Company LLC,http://www.dcregs.org/Gateway/ChapterHome.aspx?ChapterNumber=11-24,"Official Digital Zoning Map of July 1, 2010",C-2-C,Final,08-14,0,0,{0AB63408-C9A3-4FD6-B2C9-EC69E3DFA8D4},Ward 6
2582,American Pharmacists Association,http://www.dcregs.org/Gateway/ChapterHome.aspx?ChapterNumber=11-24,"Official Digital Zoning Map of July 1, 2010",SP-2,Final,04-01,0,0,{CE33FC5E-45B9-43D5-ACF0-DFB8CE3652E5},Ward 2
2583,The Salvation Army,http://www.dcregs.org/Gateway/ChapterHome.aspx?ChapterNumber=11-24,"Official Digital Zoning Map of July 1, 2010",C-2-A,Final,04-35,0,0,{47FCBD21-6D54-4267-833E-26F40684694C},Ward 8
2584,Eastgate Family Housing,http://www.dcregs.org/Gateway/ChapterHome.aspx?ChapterNumber=11-24,"Official Digital Zoning Map of July 1, 2010",R-5-A,Final,05-24B,0,0,{4427AEFB-971A-4B64-A362-3909EC100270},Ward 7
2585,"Rocky Gorge at Fort Totten, LLC",http://www.dcregs.org/Gateway/ChapterHome.aspx?ChapterNumber=11-24,"Official Digital Zoning Map of July 1, 2010",R-4,Final,04-11,0,0,{C6B81F76-57D9-4A67-AFED-13C84DF4155F},Ward 5
2586,Station Holdings LLC,http://www.dcregs.org/Gateway/ChapterHome.aspx?ChapterNumber=11-24,"Official Digital Zoning Map of July 1, 2010","C-2-A, C-2-B, C-3-C",Final,05-37,0,0,{BB232AF5-97E8-47AC-A686-53B46A7446F3},Ward 6
2587,Mill Creek Residential Trust,http://www.dcregs.org/Gateway/ChapterHome.aspx?ChapterNumber=11-24,Setdown 3/9/15,C-3-C,Pending,05-38B,0,0,{C2987CB2-56BE-4F04-A4B6-B0CEE626530B},Ward 6
2588,Capital Gateway Estates,http://www.dcregs.org/Gateway/ChapterHome.aspx?ChapterNumber=11-24,"Official Digital Zoning Map of July 1, 2010",R-5-A,Final,03-03,0,0,{B849E7E2-619A-4EB4-ABD7-90F5A25FA9E4},Ward 7
2589,5401 Western Avenue,http://www.dcregs.org/Gateway/ChapterHome.aspx?ChapterNumber=11-24,"Official Digital Zoning Map of July 1, 2010",R-5-C,Final,04-06,0,0,{25D1A3E4-F61C-4EC4-B378-03D068ADA562},Ward 3
2590,George Washington University,http://www.dcregs.org/Gateway/ChapterHome.aspx?ChapterNumber=11-24,"Official Digital Zoning Map of July 1, 2010",C-3-C,Final,80-11,0,0,{144BB67C-BFFF-408C-BB43-FBA9025FB8B6},Ward 2
2591,Union Labor Life Insurance Company,http://www.dcregs.org/Gateway/ChapterHome.aspx?ChapterNumber=11-24,"Official Digital Zoning Map of July 1, 2010",C-3-C,Final,80-7,0,0,{98BE1A94-1161-46C3-A511-7D6EAA3950F9},Ward 6
2592,Walter Washington Estates,http://www.dcregs.org/Gateway/ChapterHome.aspx?ChapterNumber=11-24,"Official Digital Zoning Map of July 1, 2010",R-5-A,Final,00-16,0,0,{2FB8CCED-C0D2-4B47-AA29-46DD67FEA41B},Ward 8
2593,McLean Gardens,http://www.dcregs.org/Gateway/ChapterHome.aspx?ChapterNumber=11-24,"Official Digital Zoning Map of July 1, 2010","R-5-B, C-2-B, C-2-A",Final,87-17,0,0,{37FBAFB6-290E-4B1E-AEF6-EF9AB2C7BB7E},Ward 3
2594,Retirement Housing Foundation,http://www.dcregs.org/Gateway/ChapterHome.aspx?ChapterNumber=11-24,"Official Digital Zoning Map of July 1, 2010",C-2-A,Final,01-24,0,0,{2718643F-1A64-470E-A845-BC6609365F2E},Ward 5
2595,Bryan School,http://www.dcregs.org/Gateway/ChapterHome.aspx?ChapterNumber=11-24,"Official Digital Zoning Map of July 1, 2010",R-5-B,Final,00-34,0,0,{5E49DDFD-E8A6-42E7-88B0-E89D39DC73C0},Ward 6
2596,Broadway Atlantic One LLC,http://www.dcregs.org/Gateway/ChapterHome.aspx?ChapterNumber=11-24,"Official Digital Zoning Map of July 1, 2010","CR, ARTS/C-2-B",Final,05-17/05-32,0,0,{6B3850B0-DF76-46F1-9D8F-065C1E280BFF},Ward 1
2597,Valley Green/Skytower,http://www.dcregs.org/Gateway/ChapterHome.aspx?ChapterNumber=11-24,"Official Digital Zoning Map of July 1, 2010",R-5-A,Final,98-3,0,0,{2DA3FF56-1866-4019-9096-81F31E1B6B13},Ward 8
2598,Tenley Park LLC,http://www.dcregs.org/Gateway/ChapterHome.aspx?ChapterNumber=11-24,"Official Digital Zoning Map of July 1, 2010",R-5-B,Final,00-03,0,0,{A7C3C9D2-F9D4-4BBA-A4FD-B54850894832},Ward 3
2599,Blair Road LP,http://www.dcregs.org/Gateway/ChapterHome.aspx?ChapterNumber=11-24,"Official Digital Zoning Map of July 1, 2010",R-5-A,Final,76-3,0,0,{263FE675-057D-4803-A88E-97DBF9B0F83A},Ward 4
2600,Oxon Creek,http://www.dcregs.org/Gateway/ChapterHome.aspx?ChapterNumber=11-24,"Official Digital Zoning Map of July 1, 2010",R-5-A,Final,97-10,0,0,{19E2C188-A73F-4D26-99AA-87D3AF7CAD9C},Ward 8
2601,Fredrick Douglas Stanton,http://www.dcregs.org/Gateway/ChapterHome.aspx?ChapterNumber=11-24,"Official Digital Zoning Map of July 1, 2010",R-5-A,Final,01-18,0,0,{F037B49C-07C0-4607-ADEA-5E961DBC4530},Ward 8
2602,Sumner School Project,http://www.dcregs.org/Gateway/ChapterHome.aspx?ChapterNumber=11-24,"Official Digital Zoning Map of July 1, 2010",C-4,Final,82-14,0,0,{14FE3344-7AD8-4411-827A-CABC26DE1566},Ward 2
2603,K/26 Partnership,http://www.dcregs.org/Gateway/ChapterHome.aspx?ChapterNumber=11-24,"Official Digital Zoning Map of July 1, 2010",R-5-D,Final,84-16,0,0,{066BDE2F-A94D-4049-A593-02470BC21C95},Ward 2
2604,Chevy Chase Pavilion,http://www.dcregs.org/Gateway/ChapterHome.aspx?ChapterNumber=11-24,"Official Digital Zoning Map of July 1, 2010",C-3-B,Final,85-16,0,0,{F0509486-19FA-4670-8BDD-3988D06119B9},Ward 3
2605,Abrams & Associates,http://www.dcregs.org/Gateway/ChapterHome.aspx?ChapterNumber=11-24,"Official Digital Zoning Map of July 1, 2010",C-3-B,Final,85-20,0,0,{7BE99290-4D01-48B8-85F7-001B8EE7EADA},Ward 3
2606,St. Matthews Cathedral,http://www.dcregs.org/Gateway/ChapterHome.aspx?ChapterNumber=11-24,"Official Digital Zoning Map of July 1, 2010",C-3-C,Final,85-19,0,0,{48649478-A194-4F81-BF08-E864BC5FFB24},Ward 2
2607,Mayfair House,http://www.dcregs.org/Gateway/ChapterHome.aspx?ChapterNumber=11-24,"Official Digital Zoning Map of July 1, 2010",C-3-C,Final,87-24,0,0,{9C6F68E1-DD21-4F8D-89A5-5F913B1B4DA7},Ward 2
2608,Penn Plaza,http://www.dcregs.org/Gateway/ChapterHome.aspx?ChapterNumber=11-24,"Official Digital Zoning Map of July 1, 2010",C-3-C,Final,87-29,0,0,{D9149DDB-D285-43E4-8BE4-86F2C6BBF649},Ward 2
2609,Wynmark Development Corporation,http://www.dcregs.org/Gateway/ChapterHome.aspx?ChapterNumber=11-24,"Official Digital Zoning Map of July 1, 2010",C-2-C,Final,88-2,0,0,{D552D645-409E-445C-A501-C3112FBFB543},Ward 2
2611,1212 Mass. Ave.,http://www.dcregs.org/Gateway/ChapterHome.aspx?ChapterNumber=11-24,"Official Digital Zoning Map of July 1, 2010",C-3-C,Final,89-22,0,0,{B29F4C59-6BCE-4C08-8693-FEBFCB2C7396},Ward 2
2612,Brookings Institute,http://www.dcregs.org/Gateway/ChapterHome.aspx?ChapterNumber=11-24,"Official Digital Zoning Map of July 1, 2010",SP-2,Final,89-2,0,0,{FD034997-AD6C-4404-A2AB-269415E9EC08},Ward 2
2613,Franklin Plaza,http://www.dcregs.org/Gateway/ChapterHome.aspx?ChapterNumber=11-24,"Official Digital Zoning Map of July 1, 2010",C-4,Final,89-7,0,0,{4B99C294-AE8E-413B-8A71-53CF91BD60BA},Ward 2
2614,International Monetary Fund,http://www.dcregs.org/Gateway/ChapterHome.aspx?ChapterNumber=11-24,"Official Digital Zoning Map of July 1, 2010",C-3-C,Final,91-7,0,0,{96F74DB2-524F-4D60-90C3-A1378B3607DA},Ward 2
2615,IBG/Citistate,http://www.dcregs.org/Gateway/ChapterHome.aspx?ChapterNumber=11-24,"Official Digital Zoning Map of July 1, 2010",R-5-D,Final,92-4,0,0,{B28A729C-6292-4764-A2E2-0EEC2921E2DB},Ward 2
2616,1333 New Hampshire Avenue,http://www.dcregs.org/Gateway/ChapterHome.aspx?ChapterNumber=11-24,"Official Digital Zoning Map of July 1, 2010",C-3-B,Final,92-5,0,0,{64D8AD0C-D087-4A1A-A344-1F7A14B69AE1},Ward 2
2617,Colony House,http://www.dcregs.org/Gateway/ChapterHome.aspx?ChapterNumber=11-24,"Official Digital Zoning Map of July 1, 2010",C-2-A,Final,93-7,0,0,{2D16676C-A874-4FE7-AB80-37D679056F16},Ward 4
2618,Arts Club of Washington,http://www.dcregs.org/Gateway/ChapterHome.aspx?ChapterNumber=11-24,"Official Digital Zoning Map of July 1, 2010",C-3-C,Final,94-12,0,0,{69870563-C63B-4D4B-8FF1-991FB281F8AD},Ward 2
2610,Gonzaga,http://www.dcregs.org/Gateway/ChapterHome.aspx?ChapterNumber=11-24,"Official Digital Zoning Map of July 1, 2010",C-3-C,Final,89-14,0,0,{FFE1F3E1-46DB-400B-9263-F25424322B24},Ward 6
2619,Catholic University,http://www.dcregs.org/Gateway/ChapterHome.aspx?ChapterNumber=11-24,"Official Digital Zoning Map of July 1, 2010",SP-1,Final,96-9,0,0,{8DBBBFA2-824B-4BE1-A7E3-27232A6112FE},Ward 5
2620,Challenger Court Corporation,http://www.dcregs.org/Gateway/ChapterHome.aspx?ChapterNumber=11-24,"Official Digital Zoning Map of July 1, 2010",R-5-B,Final,98-10,0,0,{7DFC62E4-54B6-4BC7-8766-AA2272095EB2},Ward 6
2621,Millennium Partners,http://www.dcregs.org/Gateway/ChapterHome.aspx?ChapterNumber=11-24,"Official Digital Zoning Map of July 1, 2010",CR,Final,98-1,0,0,{B4B60998-A477-4963-8098-9FFA2616B091},Ward 2
2622,Fort Totten Solid Waste Handling Fac.,http://www.dcregs.org/Gateway/ChapterHome.aspx?ChapterNumber=11-24,"Official Digital Zoning Map of July 1, 2010",FT/M,Final,03-28,0,0,{0C795033-3811-4460-A9ED-5FB8D57A1D4F},Ward 5
2623,CSX Realty Development Corp. & FF Realty,http://www.dcregs.org/Gateway/ChapterHome.aspx?ChapterNumber=11-24,"Official Digital Zoning Map of July 1, 2010",C-3-C,Final,05-23,0,0,{96E0676F-859E-4B2B-B028-FAE430749FC2},Ward 5
2624,Douglas Development Corp. - 6th & L NW,http://www.dcregs.org/Gateway/ChapterHome.aspx?ChapterNumber=11-24,"Official Digital Zoning Map of July 1, 2010",DD/C-2-C,Final,06-21,0,0,{C7FE82AB-A0D9-40B9-A3F2-08EA98D37365},Ward 6
2625,John Akridge Dev. Co. - 5220 Wisc.,http://www.dcregs.org/Gateway/ChapterHome.aspx?ChapterNumber=11-24,"Official Digital Zoning Map of July 1, 2010",C-2-B,Final,06-31A,0,0,{55DEC54E-CBC9-4AF2-9339-823529AEEFDA},Ward 3
2626,Columbia Heights Ventures Parcel 26,http://www.dcregs.org/Gateway/ChapterHome.aspx?ChapterNumber=11-24,"Official Digital Zoning Map of July 1, 2010",C-3-A,Final,07-02,0,0,{D02337F0-E484-4899-A97D-1F34AD46CE3B},Ward 1
2627,Mid-City Urban LLC and A&R Dev. Corp.,http://www.dcregs.org/Gateway/ChapterHome.aspx?ChapterNumber=11-24,"Official Digital Zoning Map of July 1, 2010",C-2-B,Final,04-24A,0,0,{05CF0A31-07B0-4624-A7E8-CD4C82CBEAD1},Ward 5
2628,Neighborhood Development Co.,http://www.dcregs.org/Gateway/ChapterHome.aspx?ChapterNumber=11-24,"Official Digital Zoning Map of July 1, 2010",C-3-A,Final,05-19,0,0,{6163CC2D-F91E-45E5-92D2-4A91D4688B62},Ward 4
